Test_ID,Predicted_Reference_Parameter,Validity_Label
TST-0278,32.200919166666644,Invalid
TST-0006,18.999131499999997,Valid
TST-0047,52.01897762499994,Valid
TST-0311,25.908719916666666,Valid
TST-0264,18.710736791666665,Invalid
TST-0169,20.543479041666682,Valid
TST-0269,18.499993666666654,Valid
TST-0178,15.877693833333344,Invalid
TST-0206,32.903754979166685,Valid
TST-0038,17.9217910625,Valid
TST-0213,14.264042708333328,Invalid
TST-0309,16.270133104166643,Valid
TST-0059,33.57485533333333,Valid
TST-0159,18.610114708333327,Valid
TST-0235,19.950624937499995,Valid
TST-0230,21.18957645833333,Valid
TST-0323,33.94515320833329,Valid
TST-0262,18.830803437499995,Valid
TST-0274,14.490900729166672,Valid
TST-0214,48.57576406249996,Valid
TST-0024,39.57624758333333,Valid
TST-0234,17.32469370833333,Valid
TST-0333,22.177057333333323,Valid
TST-0060,20.18204583333333,Valid
TST-0226,36.06756262500004,Valid
TST-0197,16.44121487500001,Valid
TST-0346,41.19881493750004,Valid
TST-0192,24.683691958333352,Valid
TST-0141,28.382903250000037,Valid
TST-0222,39.20966772916665,Invalid
TST-0232,19.277980874999972,Valid
TST-0085,23.594802,Valid
TST-0237,32.4054654791667,Valid
TST-0001,34.891275500000035,Valid
TST-0069,16.818887083333312,Valid
TST-0272,23.67356804166666,Valid
TST-0343,35.21373054166665,Valid
TST-0320,26.282473708333363,Valid
TST-0008,30.388328458333316,Invalid
TST-0144,22.913587666666658,Valid
TST-0184,21.88104316666668,Valid
TST-0107,49.22637154166664,Valid
TST-0026,42.12887474999995,Valid
TST-0164,41.07146933333336,Valid
TST-0217,34.63919535416672,Valid
TST-0332,30.40290175000004,Invalid
TST-0279,23.454663124999996,Valid
TST-0243,18.589040749999995,Valid
TST-0163,21.2505385625,Valid
TST-0131,29.921386250000015,Valid
TST-0070,16.250669312499987,Valid
TST-0137,19.00997816666666,Valid
TST-0210,28.602538166666683,Valid
TST-0288,20.70548612499999,Valid
TST-0248,19.974115879166675,Valid
TST-0277,22.14500770833333,Valid
TST-0215,21.969708999999995,Valid
TST-0138,16.70237220833332,Valid
TST-0228,17.588153687500007,Valid
TST-0252,49.52507602083333,Valid
TST-0205,29.78502597916663,Valid
TST-0348,22.566497291666646,Valid
TST-0177,22.06936579166665,Valid
TST-0267,38.58704270833333,Valid
TST-0308,22.869824291666657,Valid
TST-0087,40.355565666666664,Invalid
TST-0117,17.033443000000002,Valid
TST-0014,18.24168745833332,Valid
TST-0154,22.676245249999965,Valid
TST-0207,46.76105754166665,Valid
TST-0187,21.7645483125,Valid
TST-0236,20.99115420833333,Valid
TST-0283,38.97225522916666,Invalid
TST-0089,18.173713458333328,Valid
TST-0202,21.22337733333333,Valid
TST-0160,18.05219606250002,Valid
TST-0036,25.872675166666667,Valid
TST-0275,47.34740808333334,Valid
TST-0023,35.21674241666666,Valid
TST-0091,42.12256470833333,Valid
TST-0151,43.60596345833331,Valid
TST-0310,23.72697279166667,Valid
TST-0239,14.922569333333342,Valid
TST-0331,32.353862833333324,Valid
TST-0316,13.505499624999997,Invalid
TST-0338,14.304514395833348,Valid
TST-0019,19.970467125,Valid
TST-0168,13.904329416666664,Invalid
TST-0007,18.51949341666666,Valid
TST-0211,31.887045270833323,Valid
TST-0016,36.44247843750003,Valid
TST-0027,19.47782670833335,Invalid
TST-0031,16.750854062500004,Invalid
TST-0249,30.177626270833397,Valid
TST-0011,16.279605541666662,Valid
TST-0080,22.94659725,Valid
TST-0121,16.50944408333331,Valid
TST-0266,19.63627025000003,Valid
TST-0198,22.237040750000016,Valid
TST-0067,30.92724085416666,Valid
TST-0102,21.76679679166667,Valid
TST-0005,36.94980504166664,Valid
TST-0003,31.289586583333342,Valid
TST-0132,47.668225854166685,Valid
TST-0029,26.471981583333367,Valid
TST-0221,25.69452237499999,Valid
TST-0099,17.31415764583333,Valid
TST-0062,17.271903083333335,Valid
TST-0095,26.812728458333336,Valid
TST-0126,17.21523179166666,Valid
TST-0034,49.824195666666704,Valid
TST-0103,16.102192687499986,Valid
TST-0245,23.525096875000013,Valid
TST-0058,50.14976812500003,Valid
TST-0065,26.082040958333327,Valid
TST-0086,19.525292125000025,Valid
TST-0342,20.515666083333336,Valid
TST-0335,17.556440020833346,Valid
TST-0180,18.499466124999994,Invalid
TST-0294,24.295674874999982,Invalid
TST-0072,20.639208958333317,Valid
TST-0315,47.19837487499997,Valid
TST-0182,46.01771845833328,Valid
TST-0200,21.749396458333322,Valid
TST-0030,17.075019166666667,Valid
TST-0193,17.062886708333323,Valid
TST-0231,21.46967612499998,Valid
TST-0128,25.56729716666669,Valid
TST-0165,28.575092833333333,Valid
TST-0074,13.96379708333335,Valid
TST-0004,33.36820037500002,Valid
TST-0157,23.600938500000016,Valid
TST-0143,26.63640631250005,Valid
TST-0179,42.5605704583333,Valid
TST-0075,27.473363895833305,Valid
TST-0233,24.70980864583334,Valid
TST-0111,26.25909899999998,Valid
TST-0350,21.38632654166666,Valid
TST-0122,17.283859541666658,Valid
TST-0076,22.128966125000005,Valid
TST-0304,25.92407666666669,Valid
TST-0190,29.638857875,Valid
TST-0061,16.842270624999994,Valid
TST-0009,26.623738749999998,Valid
TST-0194,44.03378125000001,Valid
TST-0156,16.86156735416667,Invalid
TST-0088,32.85416699999997,Valid
TST-0256,46.246206041666674,Valid
TST-0329,16.42348131250002,Valid
TST-0219,42.681253479166664,Valid
TST-0306,13.95554650000001,Valid
TST-0324,23.787351583333333,Valid
TST-0113,21.69047558333333,Valid
TST-0135,16.30462635416665,Valid
TST-0339,18.38445820833332,Valid
TST-0260,21.809645833333338,Valid
TST-0195,24.679418270833324,Valid
TST-0286,28.50498966666667,Valid
TST-0015,23.093178208333324,Valid
TST-0263,19.877154979166665,Valid
TST-0147,24.378516083333334,Valid
TST-0002,24.39138525,Invalid
TST-0114,45.849688958333346,Valid
TST-0271,27.666063208333334,Invalid
TST-0223,21.88247052083334,Valid
TST-0344,16.497521749999997,Valid
TST-0183,32.22502529166668,Valid
TST-0327,32.868182108333315,Valid
TST-0250,19.60048395833332,Invalid
TST-0185,38.78943874999998,Valid
TST-0242,21.358132583333322,Valid
TST-0158,13.765220791666682,Valid
TST-0078,45.57022524999998,Valid
TST-0120,21.210589333333346,Invalid
TST-0093,29.699029999999993,Valid
TST-0051,16.023657708333314,Valid
TST-0010,16.417808916666672,Valid
TST-0013,51.4914604375,Valid
TST-0049,14.897194624999967,Valid
TST-0041,18.109506791666664,Valid
TST-0055,31.982263041666666,Valid
TST-0012,20.626775916666656,Valid
TST-0127,49.090152374999974,Valid
TST-0225,26.65702150000001,Valid
TST-0050,24.65878954166665,Valid
TST-0172,36.25698162500001,Invalid
TST-0079,33.360688875000015,Valid
TST-0046,22.168891937500007,Valid
TST-0325,18.518568416666707,Valid
TST-0280,20.96692872916666,Valid
TST-0140,15.326205916666654,Valid
TST-0244,47.19837487499997,Valid
TST-0203,20.865770041666675,Valid
TST-0238,18.559431541666683,Valid
TST-0092,28.848950249999977,Valid
TST-0307,13.919806104166682,Valid
TST-0176,30.959314729166664,Valid
TST-0115,17.511230145833352,Invalid
TST-0028,20.015070583333358,Invalid
TST-0317,19.76235660416669,Valid
TST-0251,37.98589462500001,Valid
TST-0301,15.244338687499992,Valid
TST-0116,37.04678504166666,Valid
TST-0056,24.14903904166666,Valid
TST-0166,26.842057416666666,Valid
TST-0247,32.24547424999996,Valid
TST-0291,27.43589320833337,Valid
TST-0167,30.088105937500018,Invalid
TST-0313,48.62971356249997,Valid
TST-0105,13.950361750000024,Valid
TST-0104,21.22223087499999,Valid
TST-0045,35.20707624999996,Valid
TST-0289,44.66888816666665,Valid
TST-0048,26.535268041666722,Valid
TST-0110,18.586265833333325,Valid
TST-0037,42.92770025000001,Valid
TST-0305,18.577445791666648,Valid
TST-0240,32.40688412500003,Valid
TST-0155,33.43888220833332,Valid
TST-0119,52.38655706249993,Valid
TST-0295,23.587827375000003,Valid
TST-0229,18.59086704166667,Valid
TST-0106,21.201572374999987,Valid
TST-0052,15.679393395833326,Valid
TST-0276,20.732212208333337,Invalid
TST-0216,21.861178499999983,Valid
TST-0208,20.37085077083335,Valid
TST-0188,21.79406629166669,Valid
TST-0145,49.15892843749997,Valid
TST-0039,21.61369837500001,Valid
TST-0173,19.383635041666665,Valid
TST-0082,20.23462658333333,Valid
TST-0296,36.69543739583333,Valid
TST-0297,35.3888075416667,Valid
TST-0125,17.803844416666657,Valid
TST-0199,22.39120341666666,Invalid
TST-0330,21.486433000000012,Valid
TST-0133,35.94198895833328,Valid
TST-0175,31.299275645833333,Valid
TST-0270,45.90267602083331,Valid
TST-0255,17.66077370833332,Valid
TST-0025,13.73279758333333,Valid
TST-0073,14.02971754166667,Valid
TST-0077,20.738420333333316,Valid
TST-0293,15.025070145833311,Valid
TST-0212,33.484357,Invalid
TST-0081,13.96654504166667,Valid
TST-0328,19.97219020833333,Valid
TST-0290,47.493102041666646,Invalid
TST-0337,18.075105791666672,Valid
TST-0171,23.273144000000038,Valid
TST-0057,29.372428708333324,Valid
TST-0284,19.51445235416667,Valid
TST-0063,23.970600083333316,Valid
TST-0022,19.38911325,Valid
TST-0044,18.59562491666664,Valid
TST-0035,24.494005000000012,Valid
TST-0258,44.589030125000036,Invalid
TST-0334,27.00982412500001,Valid
TST-0018,27.41387787500001,Valid
TST-0321,21.514814520833347,Valid
TST-0282,14.740893791666673,Valid
TST-0142,46.119481916666665,Invalid
TST-0312,22.30717479166666,Valid
TST-0101,21.26649072916666,Valid
TST-0134,20.125987791666663,Invalid
TST-0287,32.951176999999994,Valid
TST-0153,33.62919379166665,Valid
TST-0299,30.9934733541667,Valid
TST-0204,22.94659725,Valid
TST-0090,19.905868645833312,Valid
TST-0186,33.22604354166665,Valid
TST-0209,48.475969125,Valid
TST-0130,22.377280500000005,Valid
TST-0224,22.644125666666646,Valid
TST-0302,25.158366145833334,Valid
TST-0118,15.364582604166662,Valid
TST-0292,20.31772072916666,Valid
TST-0345,22.14500770833333,Valid
TST-0108,18.772044083333334,Valid
TST-0071,15.406829875000005,Valid
TST-0053,15.969396645833317,Valid
TST-0273,17.778260666666664,Valid
TST-0300,15.376572791666655,Valid
TST-0148,19.713165166666666,Valid
TST-0347,39.41681583333334,Valid
TST-0146,28.575092833333333,Valid
TST-0241,18.772188583333318,Valid
TST-0096,17.130032500000006,Valid
TST-0220,22.9835434166667,Valid
TST-0174,22.856332145833303,Valid
TST-0246,14.829363291666663,Valid
TST-0136,18.6824460208333,Valid
TST-0109,22.389634124999994,Valid
TST-0040,37.654231583333306,Valid
TST-0043,20.554546104166658,Invalid
TST-0181,36.633278520833365,Valid
TST-0268,17.55148679166665,Valid
TST-0253,16.09380233333332,Valid
TST-0017,25.682680124999997,Valid
TST-0201,22.981498333333324,Valid
TST-0129,17.06190549999999,Valid
TST-0068,46.810197750000015,Valid
TST-0161,14.871377416666665,Valid
TST-0298,21.293485020833323,Invalid
TST-0094,42.542877354166755,Valid
TST-0336,27.64662477083334,Invalid
TST-0149,19.72711679166669,Valid
TST-0191,48.536605645833305,Valid
TST-0032,18.999442791666656,Valid
TST-0054,17.332004541666688,Valid
TST-0349,51.701871458333315,Valid
TST-0100,17.799781000000028,Valid
TST-0162,19.80074250000001,Valid
TST-0326,23.502187958333312,Invalid
TST-0340,19.418474291666676,Valid
TST-0319,28.81431958333336,Valid
TST-0064,19.091791999999995,Valid
TST-0259,29.225530541666703,Valid
TST-0066,43.74188762499998,Valid
TST-0123,47.66749520833334,Valid
TST-0218,20.584188062500008,Valid
TST-0261,22.99436545833334,Valid
TST-0196,20.709938250000004,Valid
TST-0281,26.97413279166665,Invalid
TST-0303,38.32463904166663,Valid
TST-0254,22.556080291666674,Valid
TST-0322,18.47480537499997,Valid
TST-0139,17.383523520833325,Valid
TST-0257,35.95071358333336,Valid
TST-0033,16.76219691666666,Valid
TST-0112,49.58362268749998,Valid
TST-0021,28.359002875000005,Valid
TST-0083,18.590909791666675,Valid
TST-0150,23.90399374999999,Valid
TST-0265,23.958465125000004,Valid
TST-0227,33.73041252083334,Valid
TST-0170,25.036814416666676,Valid
TST-0318,23.08231529166668,Valid
TST-0097,16.464689,Valid
TST-0152,34.77990037500002,Valid
TST-0084,54.21880583333339,Valid
TST-0124,17.58715547916668,Valid
TST-0098,33.2721024583333,Valid
TST-0341,30.011671333333346,Valid
TST-0042,29.51081741666665,Invalid
TST-0189,19.48174304166669,Valid
TST-0285,22.782116458333334,Valid
TST-0020,22.018023333333332,Valid
TST-0314,40.96446945833334,Valid
